{"cameraMode":{"drawMode":0,"name":"Shaded","section":"Shading Mode"},"sceneLighting":false,"audioPlay":false,"sceneViewState":{"showFog":true,"showMaterialUpdate":false,"showSkybox":false,"showFlares":true,"showImageEffects":true,"showParticleSystems":true},"in2DMode":false,"pivot":{"x":-0.004497990012168884,"y":1.3508315086364747,"z":-1.2628804445266724},"rotation":{"x":-0.000449895829660818,"y":0.9990749359130859,"z":0.04167577996850014,"w":0.010791526176035405},"size":1.557891845703125,"orthographic":false}