{"cameraMode":{"drawMode":0,"name":"Shaded","section":"Shading Mode"},"sceneLighting":false,"audioPlay":false,"sceneViewState":{"showFog":true,"showMaterialUpdate":true,"showSkybox":true,"showFlares":true,"showImageEffects":true,"showParticleSystems":true},"in2DMode":false,"pivot":{"x":-1.5183849334716797,"y":7.910464763641357,"z":9.294182777404786},"rotation":{"x":-0.3266400098800659,"y":0.6006221175193787,"z":-0.29377540946006777,"w":-0.6681109070777893},"size":0.4663642644882202,"orthographic":false}